id;name;src;is_show;img_public_id
1;Avon;Car online Hat;75588;Dakota Customer Switchable
2;open-source indexing Shoes;Synchronised;49752;collaboration Facilitator Music
3;GB reserved Industrial;services Granite Manager;72397;National orchid
4;California;Florida Planner Chair;55124;uniform Loan Israeli
5;Buckinghamshire;transmitting;64455;Computers killer Car
6;Tasty deposit;Architect bricks-and-clicks bandwidth;23012;artificial
7;microchip violet turquoise;Checking;89031;bypassing Refined
8;ubiquitous;extensible Nigeria;76716;Associate
9;Synergistic GB online;Spring;73743;Avon GB Directives
10;B2B driver River;Computers;21522;Books Suriname
