id;name;content;avatar;img_public_id;category_id;is_show
1;Integration;Avon Cambridgeshire;Berkshire Ball Assurance;reboot Soap;8754;80369
2;Pennsylvania;input withdrawal;withdrawal Car;Gloves connect;19138;38572
3;Concrete Montserrat Balboa;contingency;Gold Designer Buckinghamshire;Barbados Architect;67370;29536
4;monitor;Account protocol SSL;Consultant;connecting Cambridgeshire;4516;44477
5;bottom-line Cambridgeshire ADP;engineer compressing;methodologies application generating;Shoes Fresh Buckinghamshire;82134;86432
6;Chair Tasty;USB Account;optical;synthesize Thailand;83364;50185
7;invoice user-facing Program;Small;Roads calculate;card Grocery Fully-configurable;17157;49471
8;Macao Clothing Sports;Dollar XSS;Assistant;Israel;98105;42814
9;boliviano Handcrafted transparent;cyan Market programming;red mint Front-line;human-resource;33448;79337
10;interfaces models;Savings Latvian;Isle Gorgeous Iowa;Corporate Island;73111;45713
