id;src;shopify_id;img_public_id;is_avatar;combo_id;product_id
1;Cambridgeshire International;70293;transmitter back-end utilisation;22019;85586;88131
2;recontextualize Harbors;33559;auxiliary Legacy;69699;21601;84605
3;blockchains Steel;80892;HDD;56464;3046;3610
4;Pre-emptive Roads hack;97685;Central XSS intangible;39591;29686;92916
5;communities Virginia groupware;79372;Motorway program open;11781;14092;37147
6;Ireland Cambridgeshire;52137;archive pixel optimize;53735;15137;18261
7;navigate;86386;Pants Pitcairn;27430;97694;20020
8;e-business feed parsing;3947;National;43190;71508;98323
9;Cheese gold;80489;paradigm Cross-group;99458;42353;90460
10;Security Account Grocery;21032;PNG;99592;87918;5323
