id;user_id;name;phone;adress;provincial;district;ward;email;street
1;34474;Tasty;1-358-450-1492 x8512;Forward maroon Bedfordshire;connecting Buckinghamshire holistic;payment Producer Auto;multi-byte;Zachery.Heathcote37@yahoo.com;Lilliana River
2;67184;indigo Human Plastic;828-388-7177;Assistant Wooden;Officer;Caledonia;Carolina;Neha_Willms@hotmail.com;Goldner Rest
3;88391;digital copy Loan;1-682-975-1554;Lights;empowering EXE;Mews vortals;Music programming;Yasmine.Stiedemann17@gmail.com;Chyna Bypass
4;3992;HTTP Regional Account;257.571.6674 x8308;Bedfordshire SSL Oregon;transmitting mission-critical Rand;Croatia back-end;Chips;Kayleigh93@yahoo.com;Dimitri Trafficway
5;76604;Shilling;938-749-0072;Forward hacking generate;Berkshire Legacy;explicit;Zealand;Schuyler.Boyer@hotmail.com;Cummerata Plains
6;36116;Money Shoes;443-666-8768 x7177;Oklahoma Granite;Bacon;Tuna Consultant Computer;Outdoors protocol bus;Kelley10@hotmail.com;Prohaska Springs
7;41391;compress;531.424.2395 x017;haptic Customer;intangible synergies AGP;Division array;Car Gloves Buckinghamshire;Khalid.Koelpin26@gmail.com;Janet Burg
8;64580;methodologies Metal;1-658-523-4195;Home schemas invoice;zero Beauty;JBOD red Investor;Rubber Loan Sausages;Junior29@gmail.com;Rosina Club
9;34564;facilitate Engineer Baby;(949) 733-1063 x859;Republic capacitor;online Extension Mississippi;interface Loan;deposit;Isaias22@hotmail.com;Waters Crescent
10;2370;Concrete Awesome ADP;1-432-601-8013 x98763;multi-byte;solid;implementation Cotton Practical;Account generating;Federico.Fadel@yahoo.com;Madyson Light
